Model,Accuracy
Logistic Regression,0.8673469387755102
Decision Tree,0.8435374149659864
